Lens Name, Price, Shipping
EF 24-105mm f/4 IS L AF USM  -CANADIAN SHIPPING ONLY- EXC+++ Cond.,C $725.00,C $25.00 
SIGMA DG 24-105MM F4 OS HSM ART ZOOM LENS FOR NIKON DSLR,C $695.00,C $18.31 
ANON EF 24-105mm f4L IS USM AUTO FOCUS ZOOM LENS,C $391.70,C $50.86 
EF 24-105mm f/4 L IS USM Lens - Great Condition!,C $448.22,C $39.81 
EF 24-105mm f/4L IS USM Lens w Hood  MINT,C $385.29,C $40.33 
EF 0344B002 24-105mm f/4 IS L AF USM L,C $590.75,C $34.20 
Sigma DG 24-105mm f/4 HSM DG OS Aspherical Lens For N,C $961.94,C $44.67 
New store demo Canon EF 24-105mm f/4L IS USM Lens with 1 year Canon warranty,C $1275.00,C $20.00 
24-105mm F/4 L IS USM with UV Lens and Circular Polarizer,C $750.00,C $48.65 
New Canon EF 24-105mm f/3.5 - 5.6 IS STM L,C $613.90,C $32.11 
Sigma 24-105mm f/4 DG OS HSM Art Lens for Canon - MINT Condition!,C $466.02,C $63.11 
Sigma DG 24-105mm f/4 HSM DG OS Aspherical Lens For N,C $386.57,C $33.76 
EF 24-105mm f/4 L IS USM Lens + Hood & Case -NearMint (Ca-164) From jap,C $843.79,Free Shipping
EF 24-105mm f/4 IS L USM Lens certified good working cond,C $642.14,C $40.76 
ANON EF 24-105MM F/4 L IS USM LENS/OPEN BOX,C $898.95,C $9.79 
EF 24-105mm f4 L IS USM Lens 24-105/4                                 #507,C $827.09,C $46.70 
EF24-105mm F3.5-.5.6 IS STM Zoom Lens EF24-105ISSTM New!,C $770.58,Free Shipping
Lens Hood EW-83H for EF24-105mm F4L IS USM from Japan New!,C $80.07,Free Shipping
24-105mm f/4 L IS USM Macro EF Mount L,C $794.98,C $50.41 
24-105mm F/4 L IS USM Macro EF Mount Lens {77},C $769.30,C $50.41 
24-105mm F/4 L IS USM II Macro EF Mount Lens {77},C $1090.37,C $54.07 
EF 24-105mm f/4L IS USM L,C $860.90,C $34.44 
Mint Canon EF 24-105mm f/4 IS L AF USM Lens - mk1 w/UV filter,C $706.37,C $41.83 
24-105mm IS F4L USM D',C $819.29,C $23.73 
[NEAR MINT+++] Canon EF 24-105mm F/4 L IS II USM Lens from Jap,C $1406.86,Free Shipping
[EXCELLENT+++] CANON EF 24-105mm F/4 L IS USM Lens from Jap,C $695.72,Free Shipping
Mint Canon EF 24-105mm f/4 L IS USM Lens w/hood from JAPAN Free Shipping,C $757.74,Free Shipping
USED CANON EF 24-105mm F4 L IS USM L,C $642.15,C $38.53 
EF 24-105mm f/4 I IS L USM L,C $602.62,C $21.02 
EF 24-105mm f/4L IS USM Zoom L,C $667.82,C $47.49 
Zoom EF Lens 24-105mm L IS USM 1:4 Macro 0.45m Ultrasonic Camera L,C $616.45,C $46.88 
24-105mm f/4L IS,C $770.58,C $38.80 
Brand-new Canon EF  24-105mm f/4 IS L AF USM Lens in box with accessor,C $899.01,C $96.32 
“Stealth” Canon EF 24-105mm f/4 IS L USM Lens + Bag & Lens Hood,C $635.73,C $40.69 
Excellent-!! Canon EF 24-105mm f/4 L IS USM from Japan A,C $679.39,C $42.38 
ANON EF24-105mm F4L IS USM Camera Lens Free Shipping Tracking Number USED,C $1451.26,Free Shipping
24-105mm,C $899.01,C $36.37 
EF 24-105mm 1:4 L IS USM L,C $597.19,C $20.96 
EF 24-105 mm f/4.0 IS L USM OBJECTIF,C $910.32,C $60.30 
EF f/4.0 24-105 mm IS L USM L,C $910.32,C $60.30 
NEW EW - 83H Flower Lens Hood for Canon EF 24 - 105MM  f/4L IS USM,C $4.99,Free Shipping
